Run,ReleaseDate,LoadDate,spots,bases,spots_with_mates,avgLength,size_MB,AssemblyName,download_path,Experiment,LibraryName,LibraryStrategy,LibrarySelection,LibrarySource,LibraryLayout,InsertSize,InsertDev,Platform,Model,SRAStudy,BioProject,Study_Pubmed_id,ProjectID,Sample,BioSample,SampleType,TaxID,ScientificName,SampleName,g1k_pop_code,source,g1k_analysis_group,Subject_ID,Sex,Disease,Tumor,Affection_Status,Analyte_Type,Histological_Type,Body_Site,CenterName,Submission,dbgap_study_accession,Consent,RunHash,ReadHash
SRR5280480,2018-02-26 00:03:25,2017-02-23 12:48:27,29239423,5847884600,29239423,200,3796,,https://sra-downloadb.be-md.ncbi.nlm.nih.gov/sos12/sra-pub-zq-1214/SRR005/280/SRR5280480.sralite.1,SRX2584172,CONV06,WGS,RANDOM,GENOMIC,PAIRED,0,0,ILLUMINA,Illumina HiSeq 2000,SRP100625,PRJNA376561,,376561,SRS1997999,SAMN06434882,simple,9627,Vulpes vulpes,CONV06,,,,,male,,no,,,,,UNIVERSITY OF ILLINOIS AT URBANA-CHAMPAIGN,SRA539946,,public,B991FCF9DCC0453F7537376EF803A3F8,63110BC4533F362E968D891973649E8A
SRR5280479,2018-02-26 00:03:25,2017-02-23 12:47:42,35387214,7077442800,35387214,200,4561,,https://sra-downloadb.be-md.ncbi.nlm.nih.gov/sos12/sra-pub-zq-1214/SRR005/280/SRR5280479.sralite.1,SRX2584171,CONV07,WGS,RANDOM,GENOMIC,PAIRED,0,0,ILLUMINA,Illumina HiSeq 2000,SRP100625,PRJNA376561,,376561,SRS1997998,SAMN06434883,simple,9627,Vulpes vulpes,CONV07,,,,,female,,no,,,,,UNIVERSITY OF ILLINOIS AT URBANA-CHAMPAIGN,SRA539946,,public,35BD16B701DAE39E76C5247DC13179B1,CB1319D1814AC927681E098F864BB986
SRR5280478,2018-02-26 00:03:25,2017-02-23 12:46:17,32750184,6550036800,32750184,200,4241,,https://sra-downloadb.be-md.ncbi.nlm.nih.gov/sos12/sra-pub-zq-1214/SRR005/280/SRR5280478.sralite.1,SRX2584170,CONV08,WGS,RANDOM,GENOMIC,PAIRED,0,0,ILLUMINA,Illumina HiSeq 2000,SRP100625,PRJNA376561,,376561,SRS1997997,SAMN06434884,simple,9627,Vulpes vulpes,CONV08,,,,,female,,no,,,,,UNIVERSITY OF ILLINOIS AT URBANA-CHAMPAIGN,SRA539946,,public,9147F20BBDE06C34B78BD7AC1D8AF831,2155FAF80C23B6557EF315A100BF8837
SRR5280477,2018-02-26 00:03:25,2017-02-23 12:45:09,35117774,7023554800,35117774,200,4526,,https://sra-downloadb.be-md.ncbi.nlm.nih.gov/sos12/sra-pub-zq-1214/SRR005/280/SRR5280477.sralite.1,SRX2584169,CONV09,WGS,RANDOM,GENOMIC,PAIRED,0,0,ILLUMINA,Illumina HiSeq 2000,SRP100625,PRJNA376561,,376561,SRS1997996,SAMN06434885,simple,9627,Vulpes vulpes,CONV09,,,,,female,,no,,,,,UNIVERSITY OF ILLINOIS AT URBANA-CHAMPAIGN,SRA539946,,public,1F6C431A2825B6BA346A0D496D72EABD,2600187121B962AA25D04272C9B04CE2
SRR5280476,2018-02-26 00:03:25,2017-02-23 13:02:51,29945261,5989052200,29945261,200,3895,,https://sra-downloadb.be-md.ncbi.nlm.nih.gov/sos12/sra-pub-zq-1214/SRR005/280/SRR5280476.sralite.1,SRX2584168,CONV10,WGS,RANDOM,GENOMIC,PAIRED,0,0,ILLUMINA,Illumina HiSeq 2000,SRP100625,PRJNA376561,,376561,SRS1997995,SAMN06434886,simple,9627,Vulpes vulpes,CONV10,,,,,female,,no,,,,,UNIVERSITY OF ILLINOIS AT URBANA-CHAMPAIGN,SRA539946,,public,D8231F7D4076F70CC7C8536C0CF8C465,0926FC34163E11C19AFE8DC74483DDC9
SRR5280485,2018-02-26 00:03:26,2017-02-23 12:54:27,35335888,7067177600,35335888,200,4406,,https://sra-downloadb.be-md.ncbi.nlm.nih.gov/sos12/sra-pub-zq-1214/SRR005/280/SRR5280485.sralite.1,SRX2584177,CONV01,WGS,RANDOM,GENOMIC,PAIRED,0,0,ILLUMINA,Illumina HiSeq 2000,SRP100625,PRJNA376561,,376561,SRS1998004,SAMN06434877,simple,9627,Vulpes vulpes,CONV01,,,,,female,,no,,,,,UNIVERSITY OF ILLINOIS AT URBANA-CHAMPAIGN,SRA539946,,public,8A5489D9300F65307E315D00B8160D5C,6EB53930A8287A4AC519E0E9AB3B85A9
SRR5280484,2018-02-26 00:03:26,2017-02-23 12:54:18,36665252,7333050400,36665252,200,4541,,https://sra-downloadb.be-md.ncbi.nlm.nih.gov/sos12/sra-pub-zq-1214/SRR005/280/SRR5280484.sralite.1,SRX2584176,CONV02,WGS,RANDOM,GENOMIC,PAIRED,0,0,ILLUMINA,Illumina HiSeq 2000,SRP100625,PRJNA376561,,376561,SRS1998003,SAMN06434878,simple,9627,Vulpes vulpes,CONV02,,,,,male,,no,,,,,UNIVERSITY OF ILLINOIS AT URBANA-CHAMPAIGN,SRA539946,,public,31DEFD0990E246FBAD797A6D0F5307E1,59DD6FF90FB3D61DE0320F9F6A79CF2B
SRR5280483,2018-02-26 00:03:25,2017-02-23 12:46:17,28646120,5729224000,28646120,200,3582,,https://sra-downloadb.be-md.ncbi.nlm.nih.gov/sos12/sra-pub-zq-1214/SRR005/280/SRR5280483.sralite.1,SRX2584175,CONV03,WGS,RANDOM,GENOMIC,PAIRED,0,0,ILLUMINA,Illumina HiSeq 2000,SRP100625,PRJNA376561,,376561,SRS1998002,SAMN06434879,simple,9627,Vulpes vulpes,CONV03,,,,,male,,no,,,,,UNIVERSITY OF ILLINOIS AT URBANA-CHAMPAIGN,SRA539946,,public,0034AB33A4A169F3B91C9AFFA0438ED9,8322A4C54A47802020B67243C06D79A3
SRR5280482,2018-02-26 00:03:25,2017-02-23 12:48:07,33069617,6613923400,33069617,200,4089,,https://sra-downloadb.be-md.ncbi.nlm.nih.gov/sos12/sra-pub-zq-1214/SRR005/280/SRR5280482.sralite.1,SRX2584174,CONV04,WGS,RANDOM,GENOMIC,PAIRED,0,0,ILLUMINA,Illumina HiSeq 2000,SRP100625,PRJNA376561,,376561,SRS1998001,SAMN06434880,simple,9627,Vulpes vulpes,CONV04,,,,,male,,no,,,,,UNIVERSITY OF ILLINOIS AT URBANA-CHAMPAIGN,SRA539946,,public,D5763B27AA0B404FF64CBE05410A12C4,B69ECF0EA1192AF9FDE33F27A654FA9F
SRR5280481,2018-02-26 00:03:25,2017-02-23 12:53:46,41336405,8267281000,41336405,200,5110,,https://sra-downloadb.be-md.ncbi.nlm.nih.gov/sos12/sra-pub-zq-1214/SRR005/280/SRR5280481.sralite.1,SRX2584173,CONV05,WGS,RANDOM,GENOMIC,PAIRED,0,0,ILLUMINA,Illumina HiSeq 2000,SRP100625,PRJNA376561,,376561,SRS1998000,SAMN06434881,simple,9627,Vulpes vulpes,CONV05,,,,,male,,no,,,,,UNIVERSITY OF ILLINOIS AT URBANA-CHAMPAIGN,SRA539946,,public,51082471C4E2108ABF45B91E8FB1A07F,C116E717E45E4D588EE51362FC52181E
SRR5280490,2018-02-26 00:03:26,2017-02-23 12:52:07,31895885,6379177000,31895885,200,3970,,https://sra-downloadb.be-md.ncbi.nlm.nih.gov/sos12/sra-pub-zq-1214/SRR005/280/SRR5280490.sralite.1,SRX2584182,AGGR06,WGS,RANDOM,GENOMIC,PAIRED,0,0,ILLUMINA,Illumina HiSeq 2000,SRP100625,PRJNA376561,,376561,SRS1998009,SAMN06434872,simple,9627,Vulpes vulpes,AGGR06,,,,,female,,no,,,,,UNIVERSITY OF ILLINOIS AT URBANA-CHAMPAIGN,SRA539946,,public,F20FBA9F25EE9E266AEC83A4270A9717,AC5D8090264AFC94535E574FFBAE68D9
SRR5280489,2018-02-26 00:03:26,2017-02-23 13:00:43,43026305,8605261000,43026305,200,5233,,https://sra-downloadb.be-md.ncbi.nlm.nih.gov/sos12/sra-pub-zq-1214/SRR005/280/SRR5280489.sralite.1,SRX2584181,AGGR07,WGS,RANDOM,GENOMIC,PAIRED,0,0,ILLUMINA,Illumina HiSeq 2000,SRP100625,PRJNA376561,,376561,SRS1998008,SAMN06434873,simple,9627,Vulpes vulpes,AGGR07,,,,,female,,no,,,,,UNIVERSITY OF ILLINOIS AT URBANA-CHAMPAIGN,SRA539946,,public,AE3C6D37A45AA23A2A0A3FDF3DD8D5C3,3B185CCF042F8F852D64D2E4353461BA
SRR5280488,2018-02-26 00:03:26,2017-02-23 12:55:15,32309300,6461860000,32309300,200,4012,,https://sra-downloadb.be-md.ncbi.nlm.nih.gov/sos12/sra-pub-zq-1214/SRR005/280/SRR5280488.sralite.1,SRX2584180,AGGR08,WGS,RANDOM,GENOMIC,PAIRED,0,0,ILLUMINA,Illumina HiSeq 2000,SRP100625,PRJNA376561,,376561,SRS1998007,SAMN06434874,simple,9627,Vulpes vulpes,AGGR08,,,,,female,,no,,,,,UNIVERSITY OF ILLINOIS AT URBANA-CHAMPAIGN,SRA539946,,public,E8102EBE7B78D838B74ACF4BEB586227,7192B39B6962A97F12FCFDA624758FAD
SRR5280487,2018-02-26 00:03:26,2017-02-23 13:00:42,49239863,9847972600,49239863,200,6043,,https://sra-downloadb.be-md.ncbi.nlm.nih.gov/sos12/sra-pub-zq-1214/SRR005/280/SRR5280487.sralite.1,SRX2584179,AGGR09,WGS,RANDOM,GENOMIC,PAIRED,0,0,ILLUMINA,Illumina HiSeq 2000,SRP100625,PRJNA376561,,376561,SRS1998006,SAMN06434875,simple,9627,Vulpes vulpes,AGGR09,,,,,female,,no,,,,,UNIVERSITY OF ILLINOIS AT URBANA-CHAMPAIGN,SRA539946,,public,3F45C86FAEB9696E4601012CAC2BF224,AAB4CE2289F09FCC700A85C33478EF9A
SRR5280486,2018-02-26 00:03:26,2017-02-23 12:49:07,30843416,6168683200,30843416,200,3845,,https://sra-downloadb.be-md.ncbi.nlm.nih.gov/sos12/sra-pub-zq-1214/SRR005/280/SRR5280486.sralite.1,SRX2584178,AGGR10,WGS,RANDOM,GENOMIC,PAIRED,0,0,ILLUMINA,Illumina HiSeq 2000,SRP100625,PRJNA376561,,376561,SRS1998005,SAMN06434876,simple,9627,Vulpes vulpes,AGGR10,,,,,female,,no,,,,,UNIVERSITY OF ILLINOIS AT URBANA-CHAMPAIGN,SRA539946,,public,A460FB02C716CFE28EF2B8C5455FEAFB,BE16F6A0D36F2A64E53B5D84FC95D74A
SRR5280495,2018-02-26 00:03:26,2017-02-23 13:24:21,39912049,7982409800,39912049,200,4928,,https://sra-downloadb.be-md.ncbi.nlm.nih.gov/sos12/sra-pub-zq-1214/SRR005/280/SRR5280495.sralite.1,SRX2584187,AGGR01,WGS,RANDOM,GENOMIC,PAIRED,0,0,ILLUMINA,Illumina HiSeq 2000,SRP100625,PRJNA376561,,376561,SRS1998014,SAMN06434867,simple,9627,Vulpes vulpes,AGGR01,,,,,male,,no,,,,,UNIVERSITY OF ILLINOIS AT URBANA-CHAMPAIGN,SRA539946,,public,C3B70E2C5CB139905FE46BCAFDC78622,A0EF979D20C6ACF6C4E2384A3D9393B1
SRR5280494,2018-02-26 00:03:26,2017-02-23 13:08:29,64005039,12801007800,64005039,200,7824,,https://sra-downloadb.be-md.ncbi.nlm.nih.gov/sos12/sra-pub-zq-1214/SRR005/280/SRR5280494.sralite.1,SRX2584186,AGGR02,WGS,RANDOM,GENOMIC,PAIRED,0,0,ILLUMINA,Illumina HiSeq 2000,SRP100625,PRJNA376561,,376561,SRS1998013,SAMN06434868,simple,9627,Vulpes vulpes,AGGR02,,,,,male,,no,,,,,UNIVERSITY OF ILLINOIS AT URBANA-CHAMPAIGN,SRA539946,,public,25DE71FFD7ADABC63403038275E0DF4D,D57380F52456DBDCA34968090812014F
SRR5280493,2018-02-26 00:03:26,2017-02-23 12:52:40,37781937,7556387400,37781937,200,4675,,https://sra-downloadb.be-md.ncbi.nlm.nih.gov/sos12/sra-pub-zq-1214/SRR005/280/SRR5280493.sralite.1,SRX2584185,AGGR03,WGS,RANDOM,GENOMIC,PAIRED,0,0,ILLUMINA,Illumina HiSeq 2000,SRP100625,PRJNA376561,,376561,SRS1998012,SAMN06434869,simple,9627,Vulpes vulpes,AGGR03,,,,,male,,no,,,,,UNIVERSITY OF ILLINOIS AT URBANA-CHAMPAIGN,SRA539946,,public,658D7FA6FEFF5CBCE156F6A9CC31E46E,03C6D0B813C7E244D82A0F8118193523
SRR5280492,2018-02-26 00:03:26,2017-02-23 13:24:46,42407914,8481582800,42407914,200,5199,,https://sra-downloadb.be-md.ncbi.nlm.nih.gov/sos12/sra-pub-zq-1214/SRR005/280/SRR5280492.sralite.1,SRX2584184,AGGR04,WGS,RANDOM,GENOMIC,PAIRED,0,0,ILLUMINA,Illumina HiSeq 2000,SRP100625,PRJNA376561,,376561,SRS1998011,SAMN06434870,simple,9627,Vulpes vulpes,AGGR04,,,,,male,,no,,,,,UNIVERSITY OF ILLINOIS AT URBANA-CHAMPAIGN,SRA539946,,public,BCDC97E5005B53B378F01C50E0AE3C03,BCA1158EC1BCE2B1414CBD17195FFAC5
SRR5280491,2018-02-26 00:03:26,2017-02-23 12:54:27,37524126,7504825200,37524126,200,4714,,https://sra-downloadb.be-md.ncbi.nlm.nih.gov/sos12/sra-pub-zq-1214/SRR005/280/SRR5280491.sralite.1,SRX2584183,AGGR05,WGS,RANDOM,GENOMIC,PAIRED,0,0,ILLUMINA,Illumina HiSeq 2000,SRP100625,PRJNA376561,,376561,SRS1998010,SAMN06434871,simple,9627,Vulpes vulpes,AGGR05,,,,,male,,no,,,,,UNIVERSITY OF ILLINOIS AT URBANA-CHAMPAIGN,SRA539946,,public,500C8EC3E45B5C47A8DD51FBFE9F4C6D,3D9DA6FCE322ECF4503F35B7CBF8FBBD
SRR5280505,2018-02-26 00:03:26,2017-02-23 12:56:34,31682892,6336578400,31682892,200,3796,,https://sra-downloadb.be-md.ncbi.nlm.nih.gov/sos12/sra-pub-zq-1214/SRR005/280/SRR5280505.sralite.1,SRX2584197,TAME06,WGS,RANDOM,GENOMIC,PAIRED,0,0,ILLUMINA,Illumina HiSeq 2000,SRP100625,PRJNA376561,,376561,SRS1998024,SAMN06434862,simple,9627,Vulpes vulpes,TAME06,,,,,female,,no,,,,,UNIVERSITY OF ILLINOIS AT URBANA-CHAMPAIGN,SRA539946,,public,73156F7EE0571E7D15590B2088EB2A26,97A893865308208231140BB1943B5312
SRR5280504,2018-02-26 00:03:26,2017-02-23 12:55:27,38300017,7660003400,38300017,200,4679,,https://sra-downloadb.be-md.ncbi.nlm.nih.gov/sos12/sra-pub-zq-1214/SRR005/280/SRR5280504.sralite.1,SRX2584196,TAME07,WGS,RANDOM,GENOMIC,PAIRED,0,0,ILLUMINA,Illumina HiSeq 2000,SRP100625,PRJNA376561,,376561,SRS1998022,SAMN06434863,simple,9627,Vulpes vulpes,TAME07,,,,,female,,no,,,,,UNIVERSITY OF ILLINOIS AT URBANA-CHAMPAIGN,SRA539946,,public,DF03EDAE047A886D712480FC51F4C9AD,D2A1C7FA0D5F1CB8E358DE8228C93DA4
SRR5280503,2018-02-26 00:03:26,2017-02-23 13:04:37,44488018,8897603600,44488018,200,5257,,https://sra-downloadb.be-md.ncbi.nlm.nih.gov/sos12/sra-pub-zq-1214/SRR005/280/SRR5280503.sralite.1,SRX2584195,TAME08,WGS,RANDOM,GENOMIC,PAIRED,0,0,ILLUMINA,Illumina HiSeq 2000,SRP100625,PRJNA376561,,376561,SRS1998023,SAMN06434864,simple,9627,Vulpes vulpes,TAME08,,,,,female,,no,,,,,UNIVERSITY OF ILLINOIS AT URBANA-CHAMPAIGN,SRA539946,,public,0E2D1AB295AC4A7B603075B20826ECBD,08D18AFEE02CABE83AF999DD5628B585
SRR5280502,2018-02-26 00:03:26,2017-02-23 12:52:03,35890062,7178012400,35890062,200,4356,,https://sra-downloadb.be-md.ncbi.nlm.nih.gov/sos12/sra-pub-zq-1214/SRR005/280/SRR5280502.sralite.1,SRX2584194,TAME09,WGS,RANDOM,GENOMIC,PAIRED,0,0,ILLUMINA,Illumina HiSeq 2000,SRP100625,PRJNA376561,,376561,SRS1998021,SAMN06434865,simple,9627,Vulpes vulpes,TAME09,,,,,male,,no,,,,,UNIVERSITY OF ILLINOIS AT URBANA-CHAMPAIGN,SRA539946,,public,B2F7669B9C00CFFDC41C7B37C0BD0BB0,2771EAE3F0BE1DEEA613DBD805F03064
SRR5280501,2018-02-26 00:03:26,2017-02-23 13:05:26,60364521,12072904200,60364521,200,7096,,https://sra-downloadb.be-md.ncbi.nlm.nih.gov/sos12/sra-pub-zq-1214/SRR005/280/SRR5280501.sralite.1,SRX2584193,TAME10,WGS,RANDOM,GENOMIC,PAIRED,0,0,ILLUMINA,Illumina HiSeq 2000,SRP100625,PRJNA376561,,376561,SRS1998020,SAMN06434866,simple,9627,Vulpes vulpes,TAME10,,,,,male,,no,,,,,UNIVERSITY OF ILLINOIS AT URBANA-CHAMPAIGN,SRA539946,,public,D0D9F8A6165FC6407D90E43CE909D3F0,A059CCF67130C0626CB668DFEC3392BA
SRR5280510,2018-02-26 00:03:26,2017-02-23 12:59:21,32451702,6490340400,32451702,200,3867,,https://sra-downloadb.be-md.ncbi.nlm.nih.gov/sos12/sra-pub-zq-1214/SRR005/280/SRR5280510.sralite.1,SRX2584202,TAME01,WGS,RANDOM,GENOMIC,PAIRED,0,0,ILLUMINA,Illumina HiSeq 2000,SRP100625,PRJNA376561,,376561,SRS1998029,SAMN06434857,simple,9627,Vulpes vulpes,TAME01,,,,,female,,no,,,,,UNIVERSITY OF ILLINOIS AT URBANA-CHAMPAIGN,SRA539946,,public,FB0CB0A6D6C5684222E2BB9225CE24F3,0208578D9262A13B3776395C1115D91B
SRR5280509,2018-02-26 00:03:26,2017-02-23 13:01:14,35520566,7104113200,35520566,200,4308,,https://sra-downloadb.be-md.ncbi.nlm.nih.gov/sos12/sra-pub-zq-1214/SRR005/280/SRR5280509.sralite.1,SRX2584201,TAME02,WGS,RANDOM,GENOMIC,PAIRED,0,0,ILLUMINA,Illumina HiSeq 2000,SRP100625,PRJNA376561,,376561,SRS1998028,SAMN06434858,simple,9627,Vulpes vulpes,TAME02,,,,,male,,no,,,,,UNIVERSITY OF ILLINOIS AT URBANA-CHAMPAIGN,SRA539946,,public,C0FEC534DE5F9BBD53874E1D9F00667E,F73938B73767BCA50C781CCC137F7958
SRR5280508,2018-02-26 00:03:26,2017-02-23 12:57:15,33124583,6624916600,33124583,200,3998,,https://sra-downloadb.be-md.ncbi.nlm.nih.gov/sos12/sra-pub-zq-1214/SRR005/280/SRR5280508.sralite.1,SRX2584200,TAME03,WGS,RANDOM,GENOMIC,PAIRED,0,0,ILLUMINA,Illumina HiSeq 2000,SRP100625,PRJNA376561,,376561,SRS1998027,SAMN06434859,simple,9627,Vulpes vulpes,TAME03,,,,,female,,no,,,,,UNIVERSITY OF ILLINOIS AT URBANA-CHAMPAIGN,SRA539946,,public,B038F4A2DFBBDD838F7C2715D356755E,3A05E2A49E935845C935F83F7864BFA4
SRR5280507,2018-02-26 00:03:26,2017-02-23 12:56:29,36423962,7284792400,36423962,200,4415,,https://sra-downloadb.be-md.ncbi.nlm.nih.gov/sos12/sra-pub-zq-1214/SRR005/280/SRR5280507.sralite.1,SRX2584199,TAME04,WGS,RANDOM,GENOMIC,PAIRED,0,0,ILLUMINA,Illumina HiSeq 2000,SRP100625,PRJNA376561,,376561,SRS1998026,SAMN06434860,simple,9627,Vulpes vulpes,TAME04,,,,,male,,no,,,,,UNIVERSITY OF ILLINOIS AT URBANA-CHAMPAIGN,SRA539946,,public,CE71C2A28F6A5ED1A307CF37669A9D05,926DF494D68DDF4184422E19262875C4
SRR5280506,2018-02-26 00:03:26,2017-02-23 12:57:02,31296168,6259233600,31296168,200,3841,,https://sra-downloadb.be-md.ncbi.nlm.nih.gov/sos12/sra-pub-zq-1214/SRR005/280/SRR5280506.sralite.1,SRX2584198,TAME05,WGS,RANDOM,GENOMIC,PAIRED,0,0,ILLUMINA,Illumina HiSeq 2000,SRP100625,PRJNA376561,,376561,SRS1998025,SAMN06434861,simple,9627,Vulpes vulpes,TAME05,,,,,male,,no,,,,,UNIVERSITY OF ILLINOIS AT URBANA-CHAMPAIGN,SRA539946,,public,5EF5099DAE1A59CF1F25AD76F82C7890,C748C84F020BA2109F1E1D1170C6628A
